first_name,last_name,full_name,company,job_title,industry,email,phone,mobile,website,address,city,state,country,postal_code,linkedin_url,facebook_url,instagram_url,twitter_url,youtube_url,tiktok_url
Sam,White,Sam White,Intelligent Agents Ltd.,Product Manager,Software Development,sam.white@intelligentagentsltd.com,+1-741-931-3162,+1-963-848-1712,https://www.intelligentagentsltd.com,454 Main St,San Francisco,CA,USA,44390,https://www.linkedin.com/in/samwhite,https://www.facebook.com/samwhite,https://www.instagram.com/samwhite,https://www.twitter.com/samwhite,https://www.youtube.com/samwhitechannel,https://www.tiktok.com/@samwhite
Grace,Smith,Grace Smith,SmartFlow AI,CTO,Software Development,grace.smith@smartflowai.com,+1-350-498-4862,+1-800-334-7270,https://www.smartflowai.com,774 Main St,San Antonio,AZ,USA,94690,https://www.linkedin.com/in/gracesmith,https://www.facebook.com/gracesmith,https://www.instagram.com/gracesmith,https://www.twitter.com/gracesmith,https://www.youtube.com/gracesmithchannel,https://www.tiktok.com/@gracesmith
Peter,Moore,Peter Moore,Neural Nexus,Product Manager,Education,peter.moore@neuralnexus.com,+1-946-371-1818,+1-796-294-6290,https://www.neuralnexus.com,917 Main St,New York,AZ,USA,34807,https://www.linkedin.com/in/petermoore,https://www.facebook.com/petermoore,https://www.instagram.com/petermoore,https://www.twitter.com/petermoore,https://www.youtube.com/petermoorechannel,https://www.tiktok.com/@petermoore
Peter,Thompson,Peter Thompson,AI Solutions Inc.,Product Manager,Marketing,peter.thompson@aisolutionsinc.com,+1-392-522-6116,+1-633-474-5532,https://www.aisolutionsinc.com,159 Main St,San Antonio,NY,USA,39531,https://www.linkedin.com/in/peterthompson,https://www.facebook.com/peterthompson,https://www.instagram.com/peterthompson,https://www.twitter.com/peterthompson,https://www.youtube.com/peterthompsonchannel,https://www.tiktok.com/@peterthompson
Eve,Garcia,Eve Garcia,Agentic Innovations,Head of AI,Software Development,eve.garcia@agenticinnovations.com,+1-966-852-6266,+1-318-623-3201,https://www.agenticinnovations.com,662 Main St,San Antonio,PA,USA,45496,https://www.linkedin.com/in/evegarcia,https://www.facebook.com/evegarcia,https://www.instagram.com/evegarcia,https://www.twitter.com/evegarcia,https://www.youtube.com/evegarciachannel,https://www.tiktok.com/@evegarcia
Sam,Smith,Sam Smith,Automata Labs,CTO,Customer Service,sam.smith@automatalabs.com,+1-735-844-1813,+1-731-408-2990,https://www.automatalabs.com,297 Main St,San Diego,NY,USA,43484,https://www.linkedin.com/in/samsmith,https://www.facebook.com/samsmith,https://www.instagram.com/samsmith,https://www.twitter.com/samsmith,https://www.youtube.com/samsmithchannel,https://www.tiktok.com/@samsmith
Sam,Martinez,Sam Martinez,Synapse AI,VP of Innovation,E-commerce,sam.martinez@synapseai.com,+1-594-214-5813,+1-922-354-1125,https://www.synapseai.com,638 Main St,Philadelphia,AZ,USA,94828,https://www.linkedin.com/in/sammartinez,https://www.facebook.com/sammartinez,https://www.instagram.com/sammartinez,https://www.twitter.com/sammartinez,https://www.youtube.com/sammartinezchannel,https://www.tiktok.com/@sammartinez
Peter,Wilson,Peter Wilson,SmartFlow AI,Business Development Manager,Human Resources,peter.wilson@smartflowai.com,+1-270-716-8401,+1-629-468-1536,https://www.smartflowai.com,501 Main St,Phoenix,AZ,USA,18253,https://www.linkedin.com/in/peterwilson,https://www.facebook.com/peterwilson,https://www.instagram.com/peterwilson,https://www.twitter.com/peterwilson,https://www.youtube.com/peterwilsonchannel,https://www.tiktok.com/@peterwilson
Bob,Smith,Bob Smith,Automata Labs,Head of AI,Logistics,bob.smith@automatalabs.com,+1-500-594-5287,+1-201-651-5437,https://www.automatalabs.com,114 Main St,Chicago,IL,USA,91780,https://www.linkedin.com/in/bobsmith,https://www.facebook.com/bobsmith,https://www.instagram.com/bobsmith,https://www.twitter.com/bobsmith,https://www.youtube.com/bobsmithchannel,https://www.tiktok.com/@bobsmith
David,Martin,David Martin,AI Solutions Inc.,VP of Innovation,Human Resources,david.martin@aisolutionsinc.com,+1-942-368-3828,+1-677-791-6271,https://www.aisolutionsinc.com,427 Main St,San Jose,CA,USA,94991,https://www.linkedin.com/in/davidmartin,https://www.facebook.com/davidmartin,https://www.instagram.com/davidmartin,https://www.twitter.com/davidmartin,https://www.youtube.com/davidmartinchannel,https://www.tiktok.com/@davidmartin
Alice,Martinez,Alice Martinez,Pioneer AI,Director of Operations,Marketing,alice.martinez@pioneerai.com,+1-643-370-6371,+1-452-713-7896,https://www.pioneerai.com,883 Main St,San Jose,IL,USA,82791,https://www.linkedin.com/in/alicemartinez,https://www.facebook.com/alicemartinez,https://www.instagram.com/alicemartinez,https://www.twitter.com/alicemartinez,https://www.youtube.com/alicemartinezchannel,https://www.tiktok.com/@alicemartinez
Ivan,Davis,Ivan Davis,Quantum Agents,Marketing Manager,Manufacturing,ivan.davis@quantumagents.com,+1-365-929-2756,+1-737-282-4892,https://www.quantumagents.com,822 Main St,Dallas,IL,USA,74445,https://www.linkedin.com/in/ivandavis,https://www.facebook.com/ivandavis,https://www.instagram.com/ivandavis,https://www.twitter.com/ivandavis,https://www.youtube.com/ivandavischannel,https://www.tiktok.com/@ivandavis
Kevin,Harris,Kevin Harris,Intelligent Agents Ltd.,CTO,Software Development,kevin.harris@intelligentagentsltd.com,+1-649-974-5817,+1-378-200-3865,https://www.intelligentagentsltd.com,269 Main St,Philadelphia,PA,USA,69330,https://www.linkedin.com/in/kevinharris,https://www.facebook.com/kevinharris,https://www.instagram.com/kevinharris,https://www.twitter.com/kevinharris,https://www.youtube.com/kevinharrischannel,https://www.tiktok.com/@kevinharris
Mia,Moore,Mia Moore,Neural Nexus,Head of AI,Manufacturing,mia.moore@neuralnexus.com,+1-371-872-4174,+1-860-661-8473,https://www.neuralnexus.com,826 Main St,San Diego,PA,USA,47104,https://www.linkedin.com/in/miamoore,https://www.facebook.com/miamoore,https://www.instagram.com/miamoore,https://www.twitter.com/miamoore,https://www.youtube.com/miamoorechannel,https://www.tiktok.com/@miamoore
Frank,Jackson,Frank Jackson,Apex Automation,Business Development Manager,Manufacturing,frank.jackson@apexautomation.com,+1-356-825-7231,+1-266-499-9922,https://www.apexautomation.com,311 Main St,Houston,IL,USA,27270,https://www.linkedin.com/in/frankjackson,https://www.facebook.com/frankjackson,https://www.instagram.com/frankjackson,https://www.twitter.com/frankjackson,https://www.youtube.com/frankjacksonchannel,https://www.tiktok.com/@frankjackson
Judy,Jackson,Judy Jackson,Pioneer AI,Marketing Manager,Finance,judy.jackson@pioneerai.com,+1-370-507-3480,+1-535-953-9743,https://www.pioneerai.com,961 Main St,San Diego,TX,USA,38478,https://www.linkedin.com/in/judyjackson,https://www.facebook.com/judyjackson,https://www.instagram.com/judyjackson,https://www.twitter.com/judyjackson,https://www.youtube.com/judyjacksonchannel,https://www.tiktok.com/@judyjackson
Tina,Davis,Tina Davis,Synergy AI,Head of AI,Marketing,tina.davis@synergyai.com,+1-622-925-6446,+1-268-795-8504,https://www.synergyai.com,691 Main St,Dallas,NY,USA,61140,https://www.linkedin.com/in/tinadavis,https://www.facebook.com/tinadavis,https://www.instagram.com/tinadavis,https://www.twitter.com/tinadavis,https://www.youtube.com/tinadavischannel,https://www.tiktok.com/@tinadavis
Mia,Harris,Mia Harris,Apex Automation,Business Development Manager,Manufacturing,mia.harris@apexautomation.com,+1-581-260-9686,+1-709-939-5469,https://www.apexautomation.com,525 Main St,Chicago,CA,USA,57659,https://www.linkedin.com/in/miaharris,https://www.facebook.com/miaharris,https://www.instagram.com/miaharris,https://www.twitter.com/miaharris,https://www.youtube.com/miaharrischannel,https://www.tiktok.com/@miaharris
Tina,Thompson,Tina Thompson,AI Solutions Inc.,CEO,Manufacturing,tina.thompson@aisolutionsinc.com,+1-587-967-4767,+1-889-666-1813,https://www.aisolutionsinc.com,629 Main St,San Francisco,TX,USA,27552,https://www.linkedin.com/in/tinathompson,https://www.facebook.com/tinathompson,https://www.instagram.com/tinathompson,https://www.twitter.com/tinathompson,https://www.youtube.com/tinathompsonchannel,https://www.tiktok.com/@tinathompson
Ivan,White,Ivan White,SmartFlow AI,Head of AI,Human Resources,ivan.white@smartflowai.com,+1-881-251-4825,+1-251-555-2402,https://www.smartflowai.com,999 Main St,San Antonio,NY,USA,72586,https://www.linkedin.com/in/ivanwhite,https://www.facebook.com/ivanwhite,https://www.instagram.com/ivanwhite,https://www.twitter.com/ivanwhite,https://www.youtube.com/ivanwhitechannel,https://www.tiktok.com/@ivanwhite
Judy,Harris,Judy Harris,Pioneer AI,VP of Innovation,Human Resources,judy.harris@pioneerai.com,+1-552-965-6734,+1-575-784-3699,https://www.pioneerai.com,152 Main St,San Antonio,TX,USA,42584,https://www.linkedin.com/in/judyharris,https://www.facebook.com/judyharris,https://www.instagram.com/judyharris,https://www.twitter.com/judyharris,https://www.youtube.com/judyharrischannel,https://www.tiktok.com/@judyharris
Eve,Garcia,Eve Garcia,Elite AI Solutions,Business Development Manager,Marketing,eve.garcia@eliteaisolutions.com,+1-802-726-5029,+1-418-906-4887,https://www.eliteaisolutions.com,363 Main St,Houston,TX,USA,75129,https://www.linkedin.com/in/evegarcia,https://www.facebook.com/evegarcia,https://www.instagram.com/evegarcia,https://www.twitter.com/evegarcia,https://www.youtube.com/evegarciachannel,https://www.tiktok.com/@evegarcia
Grace,Robinson,Grace Robinson,Vanguard AI,Software Engineer,Human Resources,grace.robinson@vanguardai.com,+1-705-850-8699,+1-982-656-7584,https://www.vanguardai.com,177 Main St,San Jose,NY,USA,16377,https://www.linkedin.com/in/gracerobinson,https://www.facebook.com/gracerobinson,https://www.instagram.com/gracerobinson,https://www.twitter.com/gracerobinson,https://www.youtube.com/gracerobinsonchannel,https://www.tiktok.com/@gracerobinson
Sam,Martinez,Sam Martinez,Automata Labs,CMO,E-commerce,sam.martinez@automatalabs.com,+1-716-575-2501,+1-472-929-9697,https://www.automatalabs.com,389 Main St,Chicago,AZ,USA,32785,https://www.linkedin.com/in/sammartinez,https://www.facebook.com/sammartinez,https://www.instagram.com/sammartinez,https://www.twitter.com/sammartinez,https://www.youtube.com/sammartinezchannel,https://www.tiktok.com/@sammartinez
Eve,Harris,Eve Harris,Digital Brains,VP of Innovation,Software Development,eve.harris@digitalbrains.com,+1-241-328-6632,+1-893-459-3157,https://www.digitalbrains.com,749 Main St,New York,AZ,USA,50718,https://www.linkedin.com/in/eveharris,https://www.facebook.com/eveharris,https://www.instagram.com/eveharris,https://www.twitter.com/eveharris,https://www.youtube.com/eveharrischannel,https://www.tiktok.com/@eveharris
Liam,Thompson,Liam Thompson,Cognitive Automation Co.,CEO,Marketing,liam.thompson@cognitiveautomationco.com,+1-253-250-3511,+1-654-646-6921,https://www.cognitiveautomationco.com,135 Main St,Chicago,AZ,USA,82231,https://www.linkedin.com/in/liamthompson,https://www.facebook.com/liamthompson,https://www.instagram.com/liamthompson,https://www.twitter.com/liamthompson,https://www.youtube.com/liamthompsonchannel,https://www.tiktok.com/@liamthompson
Kevin,Thompson,Kevin Thompson,OptiMind Agents,Director of Operations,Human Resources,kevin.thompson@optimindagents.com,+1-347-767-6921,+1-554-275-7099,https://www.optimindagents.com,320 Main St,San Antonio,IL,USA,69400,https://www.linkedin.com/in/kevinthompson,https://www.facebook.com/kevinthompson,https://www.instagram.com/kevinthompson,https://www.twitter.com/kevinthompson,https://www.youtube.com/kevinthompsonchannel,https://www.tiktok.com/@kevinthompson
Frank,White,Frank White,SmartFlow AI,Software Engineer,Human Resources,frank.white@smartflowai.com,+1-530-612-8659,+1-258-941-1720,https://www.smartflowai.com,560 Main St,San Diego,PA,USA,38376,https://www.linkedin.com/in/frankwhite,https://www.facebook.com/frankwhite,https://www.instagram.com/frankwhite,https://www.twitter.com/frankwhite,https://www.youtube.com/frankwhitechannel,https://www.tiktok.com/@frankwhite
Tina,Anderson,Tina Anderson,Cognitive Automation Co.,CTO,E-commerce,tina.anderson@cognitiveautomationco.com,+1-774-776-3307,+1-545-954-7498,https://www.cognitiveautomationco.com,971 Main St,San Jose,AZ,USA,38627,https://www.linkedin.com/in/tinaanderson,https://www.facebook.com/tinaanderson,https://www.instagram.com/tinaanderson,https://www.twitter.com/tinaanderson,https://www.youtube.com/tinaandersonchannel,https://www.tiktok.com/@tinaanderson
Quinn,Thompson,Quinn Thompson,Apex Automation,Director of Operations,Healthcare,quinn.thompson@apexautomation.com,+1-651-420-4363,+1-869-545-5553,https://www.apexautomation.com,874 Main St,New York,TX,USA,73466,https://www.linkedin.com/in/quinnthompson,https://www.facebook.com/quinnthompson,https://www.instagram.com/quinnthompson,https://www.twitter.com/quinnthompson,https://www.youtube.com/quinnthompsonchannel,https://www.tiktok.com/@quinnthompson
Grace,Martin,Grace Martin,Elite AI Solutions,Head of AI,Healthcare,grace.martin@eliteaisolutions.com,+1-711-306-3210,+1-458-827-2586,https://www.eliteaisolutions.com,176 Main St,Houston,TX,USA,31671,https://www.linkedin.com/in/gracemartin,https://www.facebook.com/gracemartin,https://www.instagram.com/gracemartin,https://www.twitter.com/gracemartin,https://www.youtube.com/gracemartinchannel,https://www.tiktok.com/@gracemartin
Alice,Jackson,Alice Jackson,RoboMind Corp.,Software Engineer,Human Resources,alice.jackson@robomindcorp.com,+1-902-272-6967,+1-880-367-8992,https://www.robomindcorp.com,331 Main St,Phoenix,PA,USA,26032,https://www.linkedin.com/in/alicejackson,https://www.facebook.com/alicejackson,https://www.instagram.com/alicejackson,https://www.twitter.com/alicejackson,https://www.youtube.com/alicejacksonchannel,https://www.tiktok.com/@alicejackson
Sam,Martinez,Sam Martinez,Apex Automation,Director of Operations,Manufacturing,sam.martinez@apexautomation.com,+1-416-224-4097,+1-339-722-5121,https://www.apexautomation.com,347 Main St,Philadelphia,AZ,USA,86460,https://www.linkedin.com/in/sammartinez,https://www.facebook.com/sammartinez,https://www.instagram.com/sammartinez,https://www.twitter.com/sammartinez,https://www.youtube.com/sammartinezchannel,https://www.tiktok.com/@sammartinez
Bob,Miller,Bob Miller,Automata Labs,Director of Operations,Education,bob.miller@automatalabs.com,+1-402-668-4534,+1-481-914-9669,https://www.automatalabs.com,101 Main St,Chicago,TX,USA,42525,https://www.linkedin.com/in/bobmiller,https://www.facebook.com/bobmiller,https://www.instagram.com/bobmiller,https://www.twitter.com/bobmiller,https://www.youtube.com/bobmillerchannel,https://www.tiktok.com/@bobmiller
Frank,Martin,Frank Martin,Prodigy AI,Business Development Manager,Marketing,frank.martin@prodigyai.com,+1-320-705-8420,+1-462-238-4481,https://www.prodigyai.com,792 Main St,San Diego,PA,USA,64566,https://www.linkedin.com/in/frankmartin,https://www.facebook.com/frankmartin,https://www.instagram.com/frankmartin,https://www.twitter.com/frankmartin,https://www.youtube.com/frankmartinchannel,https://www.tiktok.com/@frankmartin
Quinn,Anderson,Quinn Anderson,Elite AI Solutions,Marketing Manager,Education,quinn.anderson@eliteaisolutions.com,+1-653-471-1293,+1-204-249-9313,https://www.eliteaisolutions.com,922 Main St,Philadelphia,PA,USA,20954,https://www.linkedin.com/in/quinnanderson,https://www.facebook.com/quinnanderson,https://www.instagram.com/quinnanderson,https://www.twitter.com/quinnanderson,https://www.youtube.com/quinnandersonchannel,https://www.tiktok.com/@quinnanderson
Heidi,Taylor,Heidi Taylor,Synergy AI,Software Engineer,Customer Service,heidi.taylor@synergyai.com,+1-786-579-2071,+1-773-846-4894,https://www.synergyai.com,707 Main St,San Diego,NY,USA,25928,https://www.linkedin.com/in/heiditaylor,https://www.facebook.com/heiditaylor,https://www.instagram.com/heiditaylor,https://www.twitter.com/heiditaylor,https://www.youtube.com/heiditaylorchannel,https://www.tiktok.com/@heiditaylor
Heidi,Williams,Heidi Williams,Synergy AI,Software Engineer,E-commerce,heidi.williams@synergyai.com,+1-261-730-8322,+1-886-402-5605,https://www.synergyai.com,833 Main St,San Antonio,AZ,USA,70139,https://www.linkedin.com/in/heidiwilliams,https://www.facebook.com/heidiwilliams,https://www.instagram.com/heidiwilliams,https://www.twitter.com/heidiwilliams,https://www.youtube.com/heidiwilliamschannel,https://www.tiktok.com/@heidiwilliams
Alice,Thomas,Alice Thomas,Intelligent Agents Ltd.,CEO,Manufacturing,alice.thomas@intelligentagentsltd.com,+1-787-313-9770,+1-995-871-9642,https://www.intelligentagentsltd.com,353 Main St,San Francisco,TX,USA,71905,https://www.linkedin.com/in/alicethomas,https://www.facebook.com/alicethomas,https://www.instagram.com/alicethomas,https://www.twitter.com/alicethomas,https://www.youtube.com/alicethomaschannel,https://www.tiktok.com/@alicethomas
Tina,Martin,Tina Martin,Automata Labs,Head of AI,Healthcare,tina.martin@automatalabs.com,+1-943-619-1136,+1-365-379-6046,https://www.automatalabs.com,912 Main St,Houston,TX,USA,71497,https://www.linkedin.com/in/tinamartin,https://www.facebook.com/tinamartin,https://www.instagram.com/tinamartin,https://www.twitter.com/tinamartin,https://www.youtube.com/tinamartinchannel,https://www.tiktok.com/@tinamartin
Eve,Martin,Eve Martin,Future AI Systems,VP of Innovation,Healthcare,eve.martin@futureaisystems.com,+1-693-565-6506,+1-748-371-7625,https://www.futureaisystems.com,448 Main St,Houston,TX,USA,62910,https://www.linkedin.com/in/evemartin,https://www.facebook.com/evemartin,https://www.instagram.com/evemartin,https://www.twitter.com/evemartin,https://www.youtube.com/evemartinchannel,https://www.tiktok.com/@evemartin
Peter,Jones,Peter Jones,Neural Nexus,Business Development Manager,Manufacturing,peter.jones@neuralnexus.com,+1-577-974-9549,+1-630-989-7674,https://www.neuralnexus.com,111 Main St,Chicago,AZ,USA,87736,https://www.linkedin.com/in/peterjones,https://www.facebook.com/peterjones,https://www.instagram.com/peterjones,https://www.twitter.com/peterjones,https://www.youtube.com/peterjoneschannel,https://www.tiktok.com/@peterjones
Eve,Jackson,Eve Jackson,Pioneer AI,Software Engineer,Software Development,eve.jackson@pioneerai.com,+1-924-341-7587,+1-605-253-9585,https://www.pioneerai.com,657 Main St,San Antonio,PA,USA,66554,https://www.linkedin.com/in/evejackson,https://www.facebook.com/evejackson,https://www.instagram.com/evejackson,https://www.twitter.com/evejackson,https://www.youtube.com/evejacksonchannel,https://www.tiktok.com/@evejackson
Tina,Brown,Tina Brown,RoboMind Corp.,CEO,Customer Service,tina.brown@robomindcorp.com,+1-519-534-5462,+1-310-452-4875,https://www.robomindcorp.com,712 Main St,Chicago,CA,USA,83210,https://www.linkedin.com/in/tinabrown,https://www.facebook.com/tinabrown,https://www.instagram.com/tinabrown,https://www.twitter.com/tinabrown,https://www.youtube.com/tinabrownchannel,https://www.tiktok.com/@tinabrown
Quinn,Martinez,Quinn Martinez,Agentic Innovations,Marketing Manager,Marketing,quinn.martinez@agenticinnovations.com,+1-698-829-1089,+1-400-996-7910,https://www.agenticinnovations.com,621 Main St,San Jose,CA,USA,30155,https://www.linkedin.com/in/quinnmartinez,https://www.facebook.com/quinnmartinez,https://www.instagram.com/quinnmartinez,https://www.twitter.com/quinnmartinez,https://www.youtube.com/quinnmartinezchannel,https://www.tiktok.com/@quinnmartinez
Olivia,Moore,Olivia Moore,Digital Brains,Head of AI,Logistics,olivia.moore@digitalbrains.com,+1-846-719-3953,+1-804-808-6906,https://www.digitalbrains.com,436 Main St,Philadelphia,NY,USA,26804,https://www.linkedin.com/in/oliviamoore,https://www.facebook.com/oliviamoore,https://www.instagram.com/oliviamoore,https://www.twitter.com/oliviamoore,https://www.youtube.com/oliviamoorechannel,https://www.tiktok.com/@oliviamoore
Noah,White,Noah White,OptiMind Agents,Marketing Manager,Software Development,noah.white@optimindagents.com,+1-762-890-1632,+1-632-640-6483,https://www.optimindagents.com,755 Main St,San Diego,AZ,USA,10092,https://www.linkedin.com/in/noahwhite,https://www.facebook.com/noahwhite,https://www.instagram.com/noahwhite,https://www.twitter.com/noahwhite,https://www.youtube.com/noahwhitechannel,https://www.tiktok.com/@noahwhite
Eve,Anderson,Eve Anderson,Quantum Agents,Business Development Manager,E-commerce,eve.anderson@quantumagents.com,+1-690-282-5380,+1-214-542-7644,https://www.quantumagents.com,115 Main St,San Jose,IL,USA,36266,https://www.linkedin.com/in/eveanderson,https://www.facebook.com/eveanderson,https://www.instagram.com/eveanderson,https://www.twitter.com/eveanderson,https://www.youtube.com/eveandersonchannel,https://www.tiktok.com/@eveanderson
Peter,Robinson,Peter Robinson,Future AI Systems,CEO,Software Development,peter.robinson@futureaisystems.com,+1-845-588-1219,+1-475-292-4555,https://www.futureaisystems.com,103 Main St,Houston,NY,USA,65740,https://www.linkedin.com/in/peterrobinson,https://www.facebook.com/peterrobinson,https://www.instagram.com/peterrobinson,https://www.twitter.com/peterrobinson,https://www.youtube.com/peterrobinsonchannel,https://www.tiktok.com/@peterrobinson
Tina,Martin,Tina Martin,Synapse AI,VP of Innovation,Human Resources,tina.martin@synapseai.com,+1-294-549-9511,+1-872-467-2030,https://www.synapseai.com,324 Main St,Phoenix,NY,USA,66018,https://www.linkedin.com/in/tinamartin,https://www.facebook.com/tinamartin,https://www.instagram.com/tinamartin,https://www.twitter.com/tinamartin,https://www.youtube.com/tinamartinchannel,https://www.tiktok.com/@tinamartin
Alice,Jackson,Alice Jackson,Future AI Systems,Software Engineer,Logistics,alice.jackson@futureaisystems.com,+1-876-259-3889,+1-310-572-1693,https://www.futureaisystems.com,797 Main St,Houston,PA,USA,34968,https://www.linkedin.com/in/alicejackson,https://www.facebook.com/alicejackson,https://www.instagram.com/alicejackson,https://www.twitter.com/alicejackson,https://www.youtube.com/alicejacksonchannel,https://www.tiktok.com/@alicejackson
David,Taylor,David Taylor,Digital Brains,VP of Innovation,Marketing,david.taylor@digitalbrains.com,+1-414-377-9828,+1-401-947-6038,https://www.digitalbrains.com,215 Main St,San Francisco,NY,USA,52440,https://www.linkedin.com/in/davidtaylor,https://www.facebook.com/davidtaylor,https://www.instagram.com/davidtaylor,https://www.twitter.com/davidtaylor,https://www.youtube.com/davidtaylorchannel,https://www.tiktok.com/@davidtaylor
Noah,Taylor,Noah Taylor,Synergy AI,VP of Innovation,Logistics,noah.taylor@synergyai.com,+1-710-209-7881,+1-886-705-2912,https://www.synergyai.com,568 Main St,San Diego,CA,USA,62396,https://www.linkedin.com/in/noahtaylor,https://www.facebook.com/noahtaylor,https://www.instagram.com/noahtaylor,https://www.twitter.com/noahtaylor,https://www.youtube.com/noahtaylorchannel,https://www.tiktok.com/@noahtaylor
Rachel,Jones,Rachel Jones,Cognitive Automation Co.,Marketing Manager,Human Resources,rachel.jones@cognitiveautomationco.com,+1-560-832-8053,+1-719-925-5481,https://www.cognitiveautomationco.com,347 Main St,New York,NY,USA,75300,https://www.linkedin.com/in/racheljones,https://www.facebook.com/racheljones,https://www.instagram.com/racheljones,https://www.twitter.com/racheljones,https://www.youtube.com/racheljoneschannel,https://www.tiktok.com/@racheljones
Heidi,Anderson,Heidi Anderson,Synergy AI,VP of Innovation,Customer Service,heidi.anderson@synergyai.com,+1-933-884-8721,+1-611-542-7151,https://www.synergyai.com,479 Main St,Chicago,PA,USA,29645,https://www.linkedin.com/in/heidianderson,https://www.facebook.com/heidianderson,https://www.instagram.com/heidianderson,https://www.twitter.com/heidianderson,https://www.youtube.com/heidiandersonchannel,https://www.tiktok.com/@heidianderson
Judy,Jackson,Judy Jackson,Pioneer AI,Software Engineer,Marketing,judy.jackson@pioneerai.com,+1-693-710-7103,+1-403-364-5922,https://www.pioneerai.com,662 Main St,Philadelphia,IL,USA,92187,https://www.linkedin.com/in/judyjackson,https://www.facebook.com/judyjackson,https://www.instagram.com/judyjackson,https://www.twitter.com/judyjackson,https://www.youtube.com/judyjacksonchannel,https://www.tiktok.com/@judyjackson
Olivia,Thomas,Olivia Thomas,Global Agentics,CTO,Marketing,olivia.thomas@globalagentics.com,+1-939-887-9577,+1-234-455-5204,https://www.globalagentics.com,342 Main St,San Jose,IL,USA,47561,https://www.linkedin.com/in/oliviathomas,https://www.facebook.com/oliviathomas,https://www.instagram.com/oliviathomas,https://www.twitter.com/oliviathomas,https://www.youtube.com/oliviathomaschannel,https://www.tiktok.com/@oliviathomas
Charlie,Taylor,Charlie Taylor,OptiMind Agents,Product Manager,Manufacturing,charlie.taylor@optimindagents.com,+1-722-557-9987,+1-306-238-7254,https://www.optimindagents.com,874 Main St,Houston,PA,USA,57069,https://www.linkedin.com/in/charlietaylor,https://www.facebook.com/charlietaylor,https://www.instagram.com/charlietaylor,https://www.twitter.com/charlietaylor,https://www.youtube.com/charlietaylorchannel,https://www.tiktok.com/@charlietaylor
Olivia,White,Olivia White,AI Solutions Inc.,Product Manager,Finance,olivia.white@aisolutionsinc.com,+1-761-407-6989,+1-777-747-9476,https://www.aisolutionsinc.com,228 Main St,Chicago,AZ,USA,19499,https://www.linkedin.com/in/oliviawhite,https://www.facebook.com/oliviawhite,https://www.instagram.com/oliviawhite,https://www.twitter.com/oliviawhite,https://www.youtube.com/oliviawhitechannel,https://www.tiktok.com/@oliviawhite
Peter,Brown,Peter Brown,Cognitive Automation Co.,Product Manager,Education,peter.brown@cognitiveautomationco.com,+1-654-467-8700,+1-369-510-2215,https://www.cognitiveautomationco.com,257 Main St,San Diego,TX,USA,84196,https://www.linkedin.com/in/peterbrown,https://www.facebook.com/peterbrown,https://www.instagram.com/peterbrown,https://www.twitter.com/peterbrown,https://www.youtube.com/peterbrownchannel,https://www.tiktok.com/@peterbrown
Charlie,Anderson,Charlie Anderson,OptiMind Agents,Product Manager,Logistics,charlie.anderson@optimindagents.com,+1-968-637-3289,+1-995-345-3714,https://www.optimindagents.com,285 Main St,Dallas,NY,USA,57468,https://www.linkedin.com/in/charlieanderson,https://www.facebook.com/charlieanderson,https://www.instagram.com/charlieanderson,https://www.twitter.com/charlieanderson,https://www.youtube.com/charlieandersonchannel,https://www.tiktok.com/@charlieanderson
Tina,Davis,Tina Davis,Intelligent Agents Ltd.,VP of Innovation,Human Resources,tina.davis@intelligentagentsltd.com,+1-856-378-5414,+1-566-817-2809,https://www.intelligentagentsltd.com,775 Main St,Phoenix,AZ,USA,46961,https://www.linkedin.com/in/tinadavis,https://www.facebook.com/tinadavis,https://www.instagram.com/tinadavis,https://www.twitter.com/tinadavis,https://www.youtube.com/tinadavischannel,https://www.tiktok.com/@tinadavis
Noah,White,Noah White,Synapse AI,CEO,Software Development,noah.white@synapseai.com,+1-690-666-8314,+1-298-390-2803,https://www.synapseai.com,927 Main St,Dallas,IL,USA,70142,https://www.linkedin.com/in/noahwhite,https://www.facebook.com/noahwhite,https://www.instagram.com/noahwhite,https://www.twitter.com/noahwhite,https://www.youtube.com/noahwhitechannel,https://www.tiktok.com/@noahwhite
Quinn,Moore,Quinn Moore,Automata Labs,CEO,Education,quinn.moore@automatalabs.com,+1-888-760-8608,+1-872-640-7553,https://www.automatalabs.com,609 Main St,Chicago,CA,USA,87822,https://www.linkedin.com/in/quinnmoore,https://www.facebook.com/quinnmoore,https://www.instagram.com/quinnmoore,https://www.twitter.com/quinnmoore,https://www.youtube.com/quinnmoorechannel,https://www.tiktok.com/@quinnmoore
Sam,Martinez,Sam Martinez,AI Solutions Inc.,CEO,Marketing,sam.martinez@aisolutionsinc.com,+1-267-386-4964,+1-675-432-7384,https://www.aisolutionsinc.com,850 Main St,Phoenix,CA,USA,53050,https://www.linkedin.com/in/sammartinez,https://www.facebook.com/sammartinez,https://www.instagram.com/sammartinez,https://www.twitter.com/sammartinez,https://www.youtube.com/sammartinezchannel,https://www.tiktok.com/@sammartinez
Quinn,Robinson,Quinn Robinson,Synergy AI,CEO,Finance,quinn.robinson@synergyai.com,+1-662-350-7084,+1-505-266-8536,https://www.synergyai.com,191 Main St,Phoenix,CA,USA,80332,https://www.linkedin.com/in/quinnrobinson,https://www.facebook.com/quinnrobinson,https://www.instagram.com/quinnrobinson,https://www.twitter.com/quinnrobinson,https://www.youtube.com/quinnrobinsonchannel,https://www.tiktok.com/@quinnrobinson
Alice,White,Alice White,Prodigy AI,Director of Operations,Logistics,alice.white@prodigyai.com,+1-210-977-8806,+1-585-815-6076,https://www.prodigyai.com,831 Main St,San Francisco,NY,USA,48392,https://www.linkedin.com/in/alicewhite,https://www.facebook.com/alicewhite,https://www.instagram.com/alicewhite,https://www.twitter.com/alicewhite,https://www.youtube.com/alicewhitechannel,https://www.tiktok.com/@alicewhite
Frank,Brown,Frank Brown,Apex Automation,Director of Operations,Education,frank.brown@apexautomation.com,+1-300-700-4753,+1-495-807-7785,https://www.apexautomation.com,264 Main St,Dallas,CA,USA,43205,https://www.linkedin.com/in/frankbrown,https://www.facebook.com/frankbrown,https://www.instagram.com/frankbrown,https://www.twitter.com/frankbrown,https://www.youtube.com/frankbrownchannel,https://www.tiktok.com/@frankbrown
Olivia,White,Olivia White,AI Solutions Inc.,Business Development Manager,Logistics,olivia.white@aisolutionsinc.com,+1-223-512-7000,+1-440-982-9021,https://www.aisolutionsinc.com,868 Main St,Philadelphia,PA,USA,72912,https://www.linkedin.com/in/oliviawhite,https://www.facebook.com/oliviawhite,https://www.instagram.com/oliviawhite,https://www.twitter.com/oliviawhite,https://www.youtube.com/oliviawhitechannel,https://www.tiktok.com/@oliviawhite
Tina,Williams,Tina Williams,Intelligent Agents Ltd.,CMO,Finance,tina.williams@intelligentagentsltd.com,+1-368-542-6787,+1-660-953-3882,https://www.intelligentagentsltd.com,273 Main St,San Francisco,PA,USA,28902,https://www.linkedin.com/in/tinawilliams,https://www.facebook.com/tinawilliams,https://www.instagram.com/tinawilliams,https://www.twitter.com/tinawilliams,https://www.youtube.com/tinawilliamschannel,https://www.tiktok.com/@tinawilliams
Tina,Miller,Tina Miller,Apex Automation,Marketing Manager,Finance,tina.miller@apexautomation.com,+1-891-809-3863,+1-570-601-5510,https://www.apexautomation.com,765 Main St,San Antonio,CA,USA,26192,https://www.linkedin.com/in/tinamiller,https://www.facebook.com/tinamiller,https://www.instagram.com/tinamiller,https://www.twitter.com/tinamiller,https://www.youtube.com/tinamillerchannel,https://www.tiktok.com/@tinamiller
Frank,Moore,Frank Moore,Apex Automation,Head of AI,Human Resources,frank.moore@apexautomation.com,+1-587-401-2434,+1-529-407-4307,https://www.apexautomation.com,598 Main St,San Diego,IL,USA,86120,https://www.linkedin.com/in/frankmoore,https://www.facebook.com/frankmoore,https://www.instagram.com/frankmoore,https://www.twitter.com/frankmoore,https://www.youtube.com/frankmoorechannel,https://www.tiktok.com/@frankmoore
Alice,Martinez,Alice Martinez,Apex Automation,VP of Innovation,Education,alice.martinez@apexautomation.com,+1-818-272-5380,+1-406-460-8853,https://www.apexautomation.com,870 Main St,Chicago,IL,USA,49977,https://www.linkedin.com/in/alicemartinez,https://www.facebook.com/alicemartinez,https://www.instagram.com/alicemartinez,https://www.twitter.com/alicemartinez,https://www.youtube.com/alicemartinezchannel,https://www.tiktok.com/@alicemartinez
David,Anderson,David Anderson,Vanguard AI,Head of AI,Healthcare,david.anderson@vanguardai.com,+1-741-880-4076,+1-620-601-8298,https://www.vanguardai.com,629 Main St,Philadelphia,TX,USA,78133,https://www.linkedin.com/in/davidanderson,https://www.facebook.com/davidanderson,https://www.instagram.com/davidanderson,https://www.twitter.com/davidanderson,https://www.youtube.com/davidandersonchannel,https://www.tiktok.com/@davidanderson
Charlie,Thompson,Charlie Thompson,Vanguard AI,CEO,Finance,charlie.thompson@vanguardai.com,+1-742-241-8721,+1-735-994-5236,https://www.vanguardai.com,937 Main St,Houston,CA,USA,43009,https://www.linkedin.com/in/charliethompson,https://www.facebook.com/charliethompson,https://www.instagram.com/charliethompson,https://www.twitter.com/charliethompson,https://www.youtube.com/charliethompsonchannel,https://www.tiktok.com/@charliethompson
Olivia,Thompson,Olivia Thompson,SmartFlow AI,Head of AI,Customer Service,olivia.thompson@smartflowai.com,+1-603-510-4836,+1-422-430-6445,https://www.smartflowai.com,913 Main St,New York,IL,USA,55031,https://www.linkedin.com/in/oliviathompson,https://www.facebook.com/oliviathompson,https://www.instagram.com/oliviathompson,https://www.twitter.com/oliviathompson,https://www.youtube.com/oliviathompsonchannel,https://www.tiktok.com/@oliviathompson
Bob,Williams,Bob Williams,Future AI Systems,Marketing Manager,Healthcare,bob.williams@futureaisystems.com,+1-565-547-5914,+1-679-840-6693,https://www.futureaisystems.com,333 Main St,San Jose,AZ,USA,17570,https://www.linkedin.com/in/bobwilliams,https://www.facebook.com/bobwilliams,https://www.instagram.com/bobwilliams,https://www.twitter.com/bobwilliams,https://www.youtube.com/bobwilliamschannel,https://www.tiktok.com/@bobwilliams
Sam,Thomas,Sam Thomas,Future AI Systems,Software Engineer,Logistics,sam.thomas@futureaisystems.com,+1-991-655-2318,+1-952-712-9852,https://www.futureaisystems.com,790 Main St,Phoenix,NY,USA,16176,https://www.linkedin.com/in/samthomas,https://www.facebook.com/samthomas,https://www.instagram.com/samthomas,https://www.twitter.com/samthomas,https://www.youtube.com/samthomaschannel,https://www.tiktok.com/@samthomas
Sam,Thomas,Sam Thomas,Apex Automation,Business Development Manager,Healthcare,sam.thomas@apexautomation.com,+1-522-791-8464,+1-866-570-1812,https://www.apexautomation.com,730 Main St,San Antonio,AZ,USA,61573,https://www.linkedin.com/in/samthomas,https://www.facebook.com/samthomas,https://www.instagram.com/samthomas,https://www.twitter.com/samthomas,https://www.youtube.com/samthomaschannel,https://www.tiktok.com/@samthomas
Noah,Smith,Noah Smith,Digital Brains,CTO,Healthcare,noah.smith@digitalbrains.com,+1-677-580-5943,+1-622-462-6192,https://www.digitalbrains.com,882 Main St,Philadelphia,TX,USA,91999,https://www.linkedin.com/in/noahsmith,https://www.facebook.com/noahsmith,https://www.instagram.com/noahsmith,https://www.twitter.com/noahsmith,https://www.youtube.com/noahsmithchannel,https://www.tiktok.com/@noahsmith
Ivan,Thompson,Ivan Thompson,Synergy AI,CTO,Customer Service,ivan.thompson@synergyai.com,+1-564-685-3001,+1-973-215-2931,https://www.synergyai.com,992 Main St,San Antonio,TX,USA,14368,https://www.linkedin.com/in/ivanthompson,https://www.facebook.com/ivanthompson,https://www.instagram.com/ivanthompson,https://www.twitter.com/ivanthompson,https://www.youtube.com/ivanthompsonchannel,https://www.tiktok.com/@ivanthompson
Rachel,Garcia,Rachel Garcia,Cognitive Automation Co.,VP of Innovation,Customer Service,rachel.garcia@cognitiveautomationco.com,+1-456-249-8394,+1-855-427-2809,https://www.cognitiveautomationco.com,128 Main St,Dallas,PA,USA,69046,https://www.linkedin.com/in/rachelgarcia,https://www.facebook.com/rachelgarcia,https://www.instagram.com/rachelgarcia,https://www.twitter.com/rachelgarcia,https://www.youtube.com/rachelgarciachannel,https://www.tiktok.com/@rachelgarcia
Noah,Jones,Noah Jones,Synapse AI,VP of Innovation,Healthcare,noah.jones@synapseai.com,+1-759-363-7905,+1-980-797-1639,https://www.synapseai.com,205 Main St,Philadelphia,PA,USA,18031,https://www.linkedin.com/in/noahjones,https://www.facebook.com/noahjones,https://www.instagram.com/noahjones,https://www.twitter.com/noahjones,https://www.youtube.com/noahjoneschannel,https://www.tiktok.com/@noahjones
Liam,Miller,Liam Miller,Elite AI Solutions,CMO,Marketing,liam.miller@eliteaisolutions.com,+1-423-517-2839,+1-773-283-4107,https://www.eliteaisolutions.com,371 Main St,New York,TX,USA,21251,https://www.linkedin.com/in/liammiller,https://www.facebook.com/liammiller,https://www.instagram.com/liammiller,https://www.twitter.com/liammiller,https://www.youtube.com/liammillerchannel,https://www.tiktok.com/@liammiller
Liam,Smith,Liam Smith,Synergy AI,CMO,Education,liam.smith@synergyai.com,+1-897-624-4322,+1-269-279-6931,https://www.synergyai.com,194 Main St,Philadelphia,NY,USA,85914,https://www.linkedin.com/in/liamsmith,https://www.facebook.com/liamsmith,https://www.instagram.com/liamsmith,https://www.twitter.com/liamsmith,https://www.youtube.com/liamsmithchannel,https://www.tiktok.com/@liamsmith
Eve,Robinson,Eve Robinson,SmartFlow AI,CTO,Human Resources,eve.robinson@smartflowai.com,+1-849-389-6110,+1-345-374-9701,https://www.smartflowai.com,622 Main St,New York,IL,USA,48122,https://www.linkedin.com/in/everobinson,https://www.facebook.com/everobinson,https://www.instagram.com/everobinson,https://www.twitter.com/everobinson,https://www.youtube.com/everobinsonchannel,https://www.tiktok.com/@everobinson
Tina,Brown,Tina Brown,Vanguard AI,Head of AI,Software Development,tina.brown@vanguardai.com,+1-640-202-2294,+1-884-792-8665,https://www.vanguardai.com,381 Main St,San Jose,IL,USA,64353,https://www.linkedin.com/in/tinabrown,https://www.facebook.com/tinabrown,https://www.instagram.com/tinabrown,https://www.twitter.com/tinabrown,https://www.youtube.com/tinabrownchannel,https://www.tiktok.com/@tinabrown
Charlie,Martinez,Charlie Martinez,Future AI Systems,CMO,Human Resources,charlie.martinez@futureaisystems.com,+1-915-243-8164,+1-632-512-4203,https://www.futureaisystems.com,530 Main St,San Antonio,TX,USA,91507,https://www.linkedin.com/in/charliemartinez,https://www.facebook.com/charliemartinez,https://www.instagram.com/charliemartinez,https://www.twitter.com/charliemartinez,https://www.youtube.com/charliemartinezchannel,https://www.tiktok.com/@charliemartinez
Sam,Anderson,Sam Anderson,Global Agentics,Head of AI,Logistics,sam.anderson@globalagentics.com,+1-970-229-6789,+1-998-278-5235,https://www.globalagentics.com,912 Main St,San Antonio,CA,USA,11630,https://www.linkedin.com/in/samanderson,https://www.facebook.com/samanderson,https://www.instagram.com/samanderson,https://www.twitter.com/samanderson,https://www.youtube.com/samandersonchannel,https://www.tiktok.com/@samanderson
Liam,White,Liam White,Digital Brains,Head of AI,Healthcare,liam.white@digitalbrains.com,+1-862-209-7287,+1-885-751-9812,https://www.digitalbrains.com,612 Main St,San Antonio,IL,USA,23564,https://www.linkedin.com/in/liamwhite,https://www.facebook.com/liamwhite,https://www.instagram.com/liamwhite,https://www.twitter.com/liamwhite,https://www.youtube.com/liamwhitechannel,https://www.tiktok.com/@liamwhite
David,Moore,David Moore,Global Agentics,Business Development Manager,E-commerce,david.moore@globalagentics.com,+1-521-300-5188,+1-915-254-9338,https://www.globalagentics.com,420 Main St,San Francisco,IL,USA,34773,https://www.linkedin.com/in/davidmoore,https://www.facebook.com/davidmoore,https://www.instagram.com/davidmoore,https://www.twitter.com/davidmoore,https://www.youtube.com/davidmoorechannel,https://www.tiktok.com/@davidmoore
Heidi,Thompson,Heidi Thompson,OptiMind Agents,Director of Operations,Marketing,heidi.thompson@optimindagents.com,+1-706-283-5135,+1-936-385-5745,https://www.optimindagents.com,252 Main St,San Antonio,CA,USA,29025,https://www.linkedin.com/in/heidithompson,https://www.facebook.com/heidithompson,https://www.instagram.com/heidithompson,https://www.twitter.com/heidithompson,https://www.youtube.com/heidithompsonchannel,https://www.tiktok.com/@heidithompson
Grace,Taylor,Grace Taylor,Vanguard AI,Marketing Manager,Customer Service,grace.taylor@vanguardai.com,+1-662-967-8567,+1-644-957-9150,https://www.vanguardai.com,482 Main St,San Antonio,PA,USA,20026,https://www.linkedin.com/in/gracetaylor,https://www.facebook.com/gracetaylor,https://www.instagram.com/gracetaylor,https://www.twitter.com/gracetaylor,https://www.youtube.com/gracetaylorchannel,https://www.tiktok.com/@gracetaylor
Peter,Brown,Peter Brown,Elite AI Solutions,Business Development Manager,Logistics,peter.brown@eliteaisolutions.com,+1-684-709-6911,+1-348-288-2499,https://www.eliteaisolutions.com,253 Main St,San Jose,CA,USA,72635,https://www.linkedin.com/in/peterbrown,https://www.facebook.com/peterbrown,https://www.instagram.com/peterbrown,https://www.twitter.com/peterbrown,https://www.youtube.com/peterbrownchannel,https://www.tiktok.com/@peterbrown
Eve,Smith,Eve Smith,SmartFlow AI,CMO,Logistics,eve.smith@smartflowai.com,+1-827-655-1754,+1-722-584-6447,https://www.smartflowai.com,244 Main St,New York,AZ,USA,37163,https://www.linkedin.com/in/evesmith,https://www.facebook.com/evesmith,https://www.instagram.com/evesmith,https://www.twitter.com/evesmith,https://www.youtube.com/evesmithchannel,https://www.tiktok.com/@evesmith
Alice,Thomas,Alice Thomas,Global Agentics,CEO,Manufacturing,alice.thomas@globalagentics.com,+1-313-445-2151,+1-340-899-8540,https://www.globalagentics.com,342 Main St,New York,NY,USA,63977,https://www.linkedin.com/in/alicethomas,https://www.facebook.com/alicethomas,https://www.instagram.com/alicethomas,https://www.twitter.com/alicethomas,https://www.youtube.com/alicethomaschannel,https://www.tiktok.com/@alicethomas
Eve,Brown,Eve Brown,Pioneer AI,Software Engineer,Logistics,eve.brown@pioneerai.com,+1-259-755-6739,+1-668-892-8719,https://www.pioneerai.com,253 Main St,Philadelphia,PA,USA,25223,https://www.linkedin.com/in/evebrown,https://www.facebook.com/evebrown,https://www.instagram.com/evebrown,https://www.twitter.com/evebrown,https://www.youtube.com/evebrownchannel,https://www.tiktok.com/@evebrown
Rachel,Smith,Rachel Smith,RoboMind Corp.,CMO,Education,rachel.smith@robomindcorp.com,+1-967-916-7749,+1-275-372-9066,https://www.robomindcorp.com,138 Main St,Phoenix,TX,USA,20578,https://www.linkedin.com/in/rachelsmith,https://www.facebook.com/rachelsmith,https://www.instagram.com/rachelsmith,https://www.twitter.com/rachelsmith,https://www.youtube.com/rachelsmithchannel,https://www.tiktok.com/@rachelsmith
Tina,Davis,Tina Davis,Intelligent Agents Ltd.,Software Engineer,Manufacturing,tina.davis@intelligentagentsltd.com,+1-259-387-2782,+1-837-588-2690,https://www.intelligentagentsltd.com,726 Main St,Chicago,AZ,USA,31455,https://www.linkedin.com/in/tinadavis,https://www.facebook.com/tinadavis,https://www.instagram.com/tinadavis,https://www.twitter.com/tinadavis,https://www.youtube.com/tinadavischannel,https://www.tiktok.com/@tinadavis
Eve,Williams,Eve Williams,Synapse AI,CEO,E-commerce,eve.williams@synapseai.com,+1-825-423-8523,+1-507-780-6109,https://www.synapseai.com,840 Main St,San Francisco,NY,USA,48166,https://www.linkedin.com/in/evewilliams,https://www.facebook.com/evewilliams,https://www.instagram.com/evewilliams,https://www.twitter.com/evewilliams,https://www.youtube.com/evewilliamschannel,https://www.tiktok.com/@evewilliams
Kevin,Miller,Kevin Miller,Cognitive Automation Co.,Software Engineer,Logistics,kevin.miller@cognitiveautomationco.com,+1-757-615-6232,+1-735-962-8141,https://www.cognitiveautomationco.com,863 Main St,Philadelphia,NY,USA,24205,https://www.linkedin.com/in/kevinmiller,https://www.facebook.com/kevinmiller,https://www.instagram.com/kevinmiller,https://www.twitter.com/kevinmiller,https://www.youtube.com/kevinmillerchannel,https://www.tiktok.com/@kevinmiller
Eve,Jackson,Eve Jackson,Future AI Systems,VP of Innovation,Logistics,eve.jackson@futureaisystems.com,+1-848-653-6316,+1-308-798-8073,https://www.futureaisystems.com,695 Main St,Phoenix,CA,USA,59375,https://www.linkedin.com/in/evejackson,https://www.facebook.com/evejackson,https://www.instagram.com/evejackson,https://www.twitter.com/evejackson,https://www.youtube.com/evejacksonchannel,https://www.tiktok.com/@evejackson
Alice,Davis,Alice Davis,Neural Nexus,Head of AI,Customer Service,alice.davis@neuralnexus.com,+1-933-531-9705,+1-229-591-9762,https://www.neuralnexus.com,674 Main St,San Diego,NY,USA,72759,https://www.linkedin.com/in/alicedavis,https://www.facebook.com/alicedavis,https://www.instagram.com/alicedavis,https://www.twitter.com/alicedavis,https://www.youtube.com/alicedavischannel,https://www.tiktok.com/@alicedavis
Judy,Martin,Judy Martin,Apex Automation,Business Development Manager,Healthcare,judy.martin@apexautomation.com,+1-378-801-4580,+1-910-613-2170,https://www.apexautomation.com,245 Main St,New York,PA,USA,54203,https://www.linkedin.com/in/judymartin,https://www.facebook.com/judymartin,https://www.instagram.com/judymartin,https://www.twitter.com/judymartin,https://www.youtube.com/judymartinchannel,https://www.tiktok.com/@judymartin
Tina,Taylor,Tina Taylor,Synapse AI,Marketing Manager,Marketing,tina.taylor@synapseai.com,+1-866-809-8287,+1-652-304-9458,https://www.synapseai.com,336 Main St,Houston,NY,USA,17755,https://www.linkedin.com/in/tinataylor,https://www.facebook.com/tinataylor,https://www.instagram.com/tinataylor,https://www.twitter.com/tinataylor,https://www.youtube.com/tinataylorchannel,https://www.tiktok.com/@tinataylor
Liam,White,Liam White,Elite AI Solutions,Software Engineer,Software Development,liam.white@eliteaisolutions.com,+1-993-714-3693,+1-414-211-6215,https://www.eliteaisolutions.com,196 Main St,Chicago,NY,USA,52112,https://www.linkedin.com/in/liamwhite,https://www.facebook.com/liamwhite,https://www.instagram.com/liamwhite,https://www.twitter.com/liamwhite,https://www.youtube.com/liamwhitechannel,https://www.tiktok.com/@liamwhite
Frank,Harris,Frank Harris,Pioneer AI,CEO,E-commerce,frank.harris@pioneerai.com,+1-417-300-3420,+1-577-401-6427,https://www.pioneerai.com,962 Main St,Houston,IL,USA,86984,https://www.linkedin.com/in/frankharris,https://www.facebook.com/frankharris,https://www.instagram.com/frankharris,https://www.twitter.com/frankharris,https://www.youtube.com/frankharrischannel,https://www.tiktok.com/@frankharris
Ivan,Taylor,Ivan Taylor,Synergy AI,CEO,Human Resources,ivan.taylor@synergyai.com,+1-958-447-7149,+1-743-444-5717,https://www.synergyai.com,463 Main St,San Antonio,IL,USA,50941,https://www.linkedin.com/in/ivantaylor,https://www.facebook.com/ivantaylor,https://www.instagram.com/ivantaylor,https://www.twitter.com/ivantaylor,https://www.youtube.com/ivantaylorchannel,https://www.tiktok.com/@ivantaylor
Tina,Clark,Tina Clark,Vanguard AI,Head of AI,Software Development,tina.clark@vanguardai.com,+1-471-715-3482,+1-244-602-3455,https://www.vanguardai.com,344 Main St,Phoenix,AZ,USA,49326,https://www.linkedin.com/in/tinaclark,https://www.facebook.com/tinaclark,https://www.instagram.com/tinaclark,https://www.twitter.com/tinaclark,https://www.youtube.com/tinaclarkchannel,https://www.tiktok.com/@tinaclark
Heidi,Davis,Heidi Davis,Agentic Innovations,Product Manager,Finance,heidi.davis@agenticinnovations.com,+1-411-483-8414,+1-618-669-5336,https://www.agenticinnovations.com,620 Main St,San Antonio,AZ,USA,53035,https://www.linkedin.com/in/heididavis,https://www.facebook.com/heididavis,https://www.instagram.com/heididavis,https://www.twitter.com/heididavis,https://www.youtube.com/heididavischannel,https://www.tiktok.com/@heididavis
Noah,White,Noah White,Elite AI Solutions,Business Development Manager,Human Resources,noah.white@eliteaisolutions.com,+1-394-208-5338,+1-302-674-7711,https://www.eliteaisolutions.com,899 Main St,Houston,TX,USA,75050,https://www.linkedin.com/in/noahwhite,https://www.facebook.com/noahwhite,https://www.instagram.com/noahwhite,https://www.twitter.com/noahwhite,https://www.youtube.com/noahwhitechannel,https://www.tiktok.com/@noahwhite
Bob,Williams,Bob Williams,Agentic Innovations,Product Manager,Human Resources,bob.williams@agenticinnovations.com,+1-784-697-4807,+1-414-564-1206,https://www.agenticinnovations.com,688 Main St,Chicago,TX,USA,93433,https://www.linkedin.com/in/bobwilliams,https://www.facebook.com/bobwilliams,https://www.instagram.com/bobwilliams,https://www.twitter.com/bobwilliams,https://www.youtube.com/bobwilliamschannel,https://www.tiktok.com/@bobwilliams
Rachel,Thomas,Rachel Thomas,Automata Labs,Software Engineer,Customer Service,rachel.thomas@automatalabs.com,+1-439-835-2669,+1-301-495-1019,https://www.automatalabs.com,779 Main St,New York,IL,USA,96178,https://www.linkedin.com/in/rachelthomas,https://www.facebook.com/rachelthomas,https://www.instagram.com/rachelthomas,https://www.twitter.com/rachelthomas,https://www.youtube.com/rachelthomaschannel,https://www.tiktok.com/@rachelthomas
Heidi,Wilson,Heidi Wilson,Global Agentics,Director of Operations,Logistics,heidi.wilson@globalagentics.com,+1-658-201-8279,+1-519-676-3853,https://www.globalagentics.com,748 Main St,San Diego,TX,USA,64592,https://www.linkedin.com/in/heidiwilson,https://www.facebook.com/heidiwilson,https://www.instagram.com/heidiwilson,https://www.twitter.com/heidiwilson,https://www.youtube.com/heidiwilsonchannel,https://www.tiktok.com/@heidiwilson
Charlie,Taylor,Charlie Taylor,Pioneer AI,Product Manager,Healthcare,charlie.taylor@pioneerai.com,+1-906-721-2626,+1-619-425-5718,https://www.pioneerai.com,632 Main St,San Francisco,PA,USA,69231,https://www.linkedin.com/in/charlietaylor,https://www.facebook.com/charlietaylor,https://www.instagram.com/charlietaylor,https://www.twitter.com/charlietaylor,https://www.youtube.com/charlietaylorchannel,https://www.tiktok.com/@charlietaylor
Peter,Clark,Peter Clark,Prodigy AI,Business Development Manager,Human Resources,peter.clark@prodigyai.com,+1-975-592-3981,+1-523-893-2211,https://www.prodigyai.com,781 Main St,San Francisco,AZ,USA,62040,https://www.linkedin.com/in/peterclark,https://www.facebook.com/peterclark,https://www.instagram.com/peterclark,https://www.twitter.com/peterclark,https://www.youtube.com/peterclarkchannel,https://www.tiktok.com/@peterclark
Grace,Thomas,Grace Thomas,Prodigy AI,Marketing Manager,Marketing,grace.thomas@prodigyai.com,+1-639-919-6680,+1-427-720-5145,https://www.prodigyai.com,763 Main St,Phoenix,PA,USA,21647,https://www.linkedin.com/in/gracethomas,https://www.facebook.com/gracethomas,https://www.instagram.com/gracethomas,https://www.twitter.com/gracethomas,https://www.youtube.com/gracethomaschannel,https://www.tiktok.com/@gracethomas
Grace,Garcia,Grace Garcia,Future AI Systems,Software Engineer,Healthcare,grace.garcia@futureaisystems.com,+1-432-865-9343,+1-569-443-9990,https://www.futureaisystems.com,563 Main St,Phoenix,PA,USA,83038,https://www.linkedin.com/in/gracegarcia,https://www.facebook.com/gracegarcia,https://www.instagram.com/gracegarcia,https://www.twitter.com/gracegarcia,https://www.youtube.com/gracegarciachannel,https://www.tiktok.com/@gracegarcia
Rachel,Taylor,Rachel Taylor,Digital Brains,Director of Operations,Finance,rachel.taylor@digitalbrains.com,+1-446-604-6554,+1-555-796-7660,https://www.digitalbrains.com,916 Main St,New York,IL,USA,43277,https://www.linkedin.com/in/racheltaylor,https://www.facebook.com/racheltaylor,https://www.instagram.com/racheltaylor,https://www.twitter.com/racheltaylor,https://www.youtube.com/racheltaylorchannel,https://www.tiktok.com/@racheltaylor
Grace,Robinson,Grace Robinson,Cognitive Automation Co.,CMO,Logistics,grace.robinson@cognitiveautomationco.com,+1-249-858-1830,+1-534-674-1803,https://www.cognitiveautomationco.com,966 Main St,San Jose,NY,USA,82376,https://www.linkedin.com/in/gracerobinson,https://www.facebook.com/gracerobinson,https://www.instagram.com/gracerobinson,https://www.twitter.com/gracerobinson,https://www.youtube.com/gracerobinsonchannel,https://www.tiktok.com/@gracerobinson
Alice,White,Alice White,Synapse AI,CMO,Marketing,alice.white@synapseai.com,+1-650-911-2574,+1-917-826-7543,https://www.synapseai.com,982 Main St,San Antonio,CA,USA,96843,https://www.linkedin.com/in/alicewhite,https://www.facebook.com/alicewhite,https://www.instagram.com/alicewhite,https://www.twitter.com/alicewhite,https://www.youtube.com/alicewhitechannel,https://www.tiktok.com/@alicewhite
Olivia,Jones,Olivia Jones,SmartFlow AI,CTO,Education,olivia.jones@smartflowai.com,+1-227-345-8919,+1-810-418-5957,https://www.smartflowai.com,607 Main St,San Francisco,PA,USA,28979,https://www.linkedin.com/in/oliviajones,https://www.facebook.com/oliviajones,https://www.instagram.com/oliviajones,https://www.twitter.com/oliviajones,https://www.youtube.com/oliviajoneschannel,https://www.tiktok.com/@oliviajones
Quinn,Jackson,Quinn Jackson,Digital Brains,CTO,Logistics,quinn.jackson@digitalbrains.com,+1-311-497-5223,+1-947-557-8853,https://www.digitalbrains.com,420 Main St,New York,CA,USA,34231,https://www.linkedin.com/in/quinnjackson,https://www.facebook.com/quinnjackson,https://www.instagram.com/quinnjackson,https://www.twitter.com/quinnjackson,https://www.youtube.com/quinnjacksonchannel,https://www.tiktok.com/@quinnjackson
Judy,Moore,Judy Moore,Prodigy AI,Product Manager,Healthcare,judy.moore@prodigyai.com,+1-807-408-4325,+1-287-658-6817,https://www.prodigyai.com,429 Main St,Dallas,CA,USA,59959,https://www.linkedin.com/in/judymoore,https://www.facebook.com/judymoore,https://www.instagram.com/judymoore,https://www.twitter.com/judymoore,https://www.youtube.com/judymoorechannel,https://www.tiktok.com/@judymoore
Bob,Clark,Bob Clark,Apex Automation,VP of Innovation,Healthcare,bob.clark@apexautomation.com,+1-435-836-6376,+1-373-846-6162,https://www.apexautomation.com,138 Main St,New York,TX,USA,79676,https://www.linkedin.com/in/bobclark,https://www.facebook.com/bobclark,https://www.instagram.com/bobclark,https://www.twitter.com/bobclark,https://www.youtube.com/bobclarkchannel,https://www.tiktok.com/@bobclark
Mia,Jackson,Mia Jackson,Quantum Agents,Software Engineer,Customer Service,mia.jackson@quantumagents.com,+1-919-859-6658,+1-374-725-6257,https://www.quantumagents.com,246 Main St,Dallas,CA,USA,49526,https://www.linkedin.com/in/miajackson,https://www.facebook.com/miajackson,https://www.instagram.com/miajackson,https://www.twitter.com/miajackson,https://www.youtube.com/miajacksonchannel,https://www.tiktok.com/@miajackson
Mia,Anderson,Mia Anderson,Synapse AI,Marketing Manager,Logistics,mia.anderson@synapseai.com,+1-627-516-6011,+1-876-804-9869,https://www.synapseai.com,159 Main St,Houston,IL,USA,36622,https://www.linkedin.com/in/miaanderson,https://www.facebook.com/miaanderson,https://www.instagram.com/miaanderson,https://www.twitter.com/miaanderson,https://www.youtube.com/miaandersonchannel,https://www.tiktok.com/@miaanderson
Mia,Williams,Mia Williams,Vanguard AI,CTO,E-commerce,mia.williams@vanguardai.com,+1-304-797-2028,+1-815-372-1130,https://www.vanguardai.com,103 Main St,San Francisco,TX,USA,67130,https://www.linkedin.com/in/miawilliams,https://www.facebook.com/miawilliams,https://www.instagram.com/miawilliams,https://www.twitter.com/miawilliams,https://www.youtube.com/miawilliamschannel,https://www.tiktok.com/@miawilliams
Sam,Harris,Sam Harris,Pioneer AI,CEO,Healthcare,sam.harris@pioneerai.com,+1-496-935-3288,+1-333-997-2131,https://www.pioneerai.com,382 Main St,San Antonio,IL,USA,37063,https://www.linkedin.com/in/samharris,https://www.facebook.com/samharris,https://www.instagram.com/samharris,https://www.twitter.com/samharris,https://www.youtube.com/samharrischannel,https://www.tiktok.com/@samharris
Judy,Smith,Judy Smith,Synapse AI,Software Engineer,E-commerce,judy.smith@synapseai.com,+1-200-636-6606,+1-504-839-3598,https://www.synapseai.com,564 Main St,Dallas,PA,USA,72671,https://www.linkedin.com/in/judysmith,https://www.facebook.com/judysmith,https://www.instagram.com/judysmith,https://www.twitter.com/judysmith,https://www.youtube.com/judysmithchannel,https://www.tiktok.com/@judysmith
Peter,Harris,Peter Harris,Synapse AI,CMO,Human Resources,peter.harris@synapseai.com,+1-509-766-9207,+1-584-975-2558,https://www.synapseai.com,563 Main St,San Antonio,PA,USA,88823,https://www.linkedin.com/in/peterharris,https://www.facebook.com/peterharris,https://www.instagram.com/peterharris,https://www.twitter.com/peterharris,https://www.youtube.com/peterharrischannel,https://www.tiktok.com/@peterharris
Bob,Moore,Bob Moore,SmartFlow AI,Product Manager,Manufacturing,bob.moore@smartflowai.com,+1-923-295-7863,+1-433-567-3648,https://www.smartflowai.com,375 Main St,Dallas,CA,USA,45213,https://www.linkedin.com/in/bobmoore,https://www.facebook.com/bobmoore,https://www.instagram.com/bobmoore,https://www.twitter.com/bobmoore,https://www.youtube.com/bobmoorechannel,https://www.tiktok.com/@bobmoore
Alice,Jackson,Alice Jackson,Cognitive Automation Co.,Software Engineer,Marketing,alice.jackson@cognitiveautomationco.com,+1-207-839-2349,+1-576-751-8420,https://www.cognitiveautomationco.com,720 Main St,Dallas,IL,USA,27967,https://www.linkedin.com/in/alicejackson,https://www.facebook.com/alicejackson,https://www.instagram.com/alicejackson,https://www.twitter.com/alicejackson,https://www.youtube.com/alicejacksonchannel,https://www.tiktok.com/@alicejackson
Sam,Robinson,Sam Robinson,Future AI Systems,Director of Operations,E-commerce,sam.robinson@futureaisystems.com,+1-940-221-5414,+1-473-295-7698,https://www.futureaisystems.com,815 Main St,San Francisco,PA,USA,55136,https://www.linkedin.com/in/samrobinson,https://www.facebook.com/samrobinson,https://www.instagram.com/samrobinson,https://www.twitter.com/samrobinson,https://www.youtube.com/samrobinsonchannel,https://www.tiktok.com/@samrobinson
Ivan,Martin,Ivan Martin,Digital Brains,Product Manager,Software Development,ivan.martin@digitalbrains.com,+1-823-731-7142,+1-206-576-3941,https://www.digitalbrains.com,443 Main St,Dallas,CA,USA,13669,https://www.linkedin.com/in/ivanmartin,https://www.facebook.com/ivanmartin,https://www.instagram.com/ivanmartin,https://www.twitter.com/ivanmartin,https://www.youtube.com/ivanmartinchannel,https://www.tiktok.com/@ivanmartin
Rachel,Brown,Rachel Brown,Global Agentics,VP of Innovation,Logistics,rachel.brown@globalagentics.com,+1-220-367-5500,+1-842-962-6888,https://www.globalagentics.com,828 Main St,San Jose,TX,USA,26179,https://www.linkedin.com/in/rachelbrown,https://www.facebook.com/rachelbrown,https://www.instagram.com/rachelbrown,https://www.twitter.com/rachelbrown,https://www.youtube.com/rachelbrownchannel,https://www.tiktok.com/@rachelbrown
Quinn,Smith,Quinn Smith,AI Solutions Inc.,CEO,Healthcare,quinn.smith@aisolutionsinc.com,+1-627-544-1247,+1-369-439-1256,https://www.aisolutionsinc.com,335 Main St,San Jose,IL,USA,97623,https://www.linkedin.com/in/quinnsmith,https://www.facebook.com/quinnsmith,https://www.instagram.com/quinnsmith,https://www.twitter.com/quinnsmith,https://www.youtube.com/quinnsmithchannel,https://www.tiktok.com/@quinnsmith
Rachel,Thomas,Rachel Thomas,Intelligent Agents Ltd.,CTO,Finance,rachel.thomas@intelligentagentsltd.com,+1-860-342-8420,+1-368-372-2651,https://www.intelligentagentsltd.com,908 Main St,Philadelphia,AZ,USA,48199,https://www.linkedin.com/in/rachelthomas,https://www.facebook.com/rachelthomas,https://www.instagram.com/rachelthomas,https://www.twitter.com/rachelthomas,https://www.youtube.com/rachelthomaschannel,https://www.tiktok.com/@rachelthomas
Liam,Williams,Liam Williams,Synapse AI,CEO,Education,liam.williams@synapseai.com,+1-344-385-1585,+1-881-300-4598,https://www.synapseai.com,192 Main St,Phoenix,CA,USA,27355,https://www.linkedin.com/in/liamwilliams,https://www.facebook.com/liamwilliams,https://www.instagram.com/liamwilliams,https://www.twitter.com/liamwilliams,https://www.youtube.com/liamwilliamschannel,https://www.tiktok.com/@liamwilliams
Frank,Clark,Frank Clark,OptiMind Agents,CEO,Marketing,frank.clark@optimindagents.com,+1-614-492-4308,+1-518-202-7630,https://www.optimindagents.com,863 Main St,San Francisco,IL,USA,12776,https://www.linkedin.com/in/frankclark,https://www.facebook.com/frankclark,https://www.instagram.com/frankclark,https://www.twitter.com/frankclark,https://www.youtube.com/frankclarkchannel,https://www.tiktok.com/@frankclark
Charlie,Brown,Charlie Brown,Digital Brains,Head of AI,Manufacturing,charlie.brown@digitalbrains.com,+1-598-322-1766,+1-923-585-6407,https://www.digitalbrains.com,846 Main St,Houston,NY,USA,57812,https://www.linkedin.com/in/charliebrown,https://www.facebook.com/charliebrown,https://www.instagram.com/charliebrown,https://www.twitter.com/charliebrown,https://www.youtube.com/charliebrownchannel,https://www.tiktok.com/@charliebrown
Sam,Robinson,Sam Robinson,AI Solutions Inc.,CEO,Finance,sam.robinson@aisolutionsinc.com,+1-872-996-5933,+1-517-466-6831,https://www.aisolutionsinc.com,780 Main St,San Antonio,AZ,USA,81998,https://www.linkedin.com/in/samrobinson,https://www.facebook.com/samrobinson,https://www.instagram.com/samrobinson,https://www.twitter.com/samrobinson,https://www.youtube.com/samrobinsonchannel,https://www.tiktok.com/@samrobinson
Mia,Martinez,Mia Martinez,Apex Automation,Marketing Manager,Customer Service,mia.martinez@apexautomation.com,+1-604-425-5279,+1-894-276-6186,https://www.apexautomation.com,751 Main St,Houston,NY,USA,41583,https://www.linkedin.com/in/miamartinez,https://www.facebook.com/miamartinez,https://www.instagram.com/miamartinez,https://www.twitter.com/miamartinez,https://www.youtube.com/miamartinezchannel,https://www.tiktok.com/@miamartinez
Olivia,White,Olivia White,Automata Labs,Director of Operations,Software Development,olivia.white@automatalabs.com,+1-377-408-8772,+1-683-565-8851,https://www.automatalabs.com,748 Main St,San Jose,CA,USA,28912,https://www.linkedin.com/in/oliviawhite,https://www.facebook.com/oliviawhite,https://www.instagram.com/oliviawhite,https://www.twitter.com/oliviawhite,https://www.youtube.com/oliviawhitechannel,https://www.tiktok.com/@oliviawhite
Kevin,Moore,Kevin Moore,Cognitive Automation Co.,Marketing Manager,Logistics,kevin.moore@cognitiveautomationco.com,+1-588-556-7631,+1-293-883-8341,https://www.cognitiveautomationco.com,133 Main St,San Antonio,IL,USA,96353,https://www.linkedin.com/in/kevinmoore,https://www.facebook.com/kevinmoore,https://www.instagram.com/kevinmoore,https://www.twitter.com/kevinmoore,https://www.youtube.com/kevinmoorechannel,https://www.tiktok.com/@kevinmoore
Tina,White,Tina White,Future AI Systems,Director of Operations,Customer Service,tina.white@futureaisystems.com,+1-224-702-3552,+1-743-692-4845,https://www.futureaisystems.com,676 Main St,Dallas,IL,USA,32305,https://www.linkedin.com/in/tinawhite,https://www.facebook.com/tinawhite,https://www.instagram.com/tinawhite,https://www.twitter.com/tinawhite,https://www.youtube.com/tinawhitechannel,https://www.tiktok.com/@tinawhite
David,Thompson,David Thompson,SmartFlow AI,CTO,Education,david.thompson@smartflowai.com,+1-525-849-5045,+1-599-630-5291,https://www.smartflowai.com,788 Main St,San Diego,NY,USA,57642,https://www.linkedin.com/in/davidthompson,https://www.facebook.com/davidthompson,https://www.instagram.com/davidthompson,https://www.twitter.com/davidthompson,https://www.youtube.com/davidthompsonchannel,https://www.tiktok.com/@davidthompson
Eve,Clark,Eve Clark,Cognitive Automation Co.,Business Development Manager,Healthcare,eve.clark@cognitiveautomationco.com,+1-861-512-7057,+1-562-436-2709,https://www.cognitiveautomationco.com,443 Main St,Dallas,PA,USA,98498,https://www.linkedin.com/in/eveclark,https://www.facebook.com/eveclark,https://www.instagram.com/eveclark,https://www.twitter.com/eveclark,https://www.youtube.com/eveclarkchannel,https://www.tiktok.com/@eveclark
Sam,Smith,Sam Smith,Synapse AI,CEO,Finance,sam.smith@synapseai.com,+1-712-519-9999,+1-244-852-8363,https://www.synapseai.com,489 Main St,Houston,CA,USA,45936,https://www.linkedin.com/in/samsmith,https://www.facebook.com/samsmith,https://www.instagram.com/samsmith,https://www.twitter.com/samsmith,https://www.youtube.com/samsmithchannel,https://www.tiktok.com/@samsmith
Charlie,Smith,Charlie Smith,Intelligent Agents Ltd.,CMO,Marketing,charlie.smith@intelligentagentsltd.com,+1-429-895-3875,+1-448-694-7242,https://www.intelligentagentsltd.com,200 Main St,San Francisco,IL,USA,46235,https://www.linkedin.com/in/charliesmith,https://www.facebook.com/charliesmith,https://www.instagram.com/charliesmith,https://www.twitter.com/charliesmith,https://www.youtube.com/charliesmithchannel,https://www.tiktok.com/@charliesmith
Noah,Clark,Noah Clark,Elite AI Solutions,CMO,Finance,noah.clark@eliteaisolutions.com,+1-858-568-1777,+1-331-680-7369,https://www.eliteaisolutions.com,491 Main St,San Francisco,AZ,USA,22155,https://www.linkedin.com/in/noahclark,https://www.facebook.com/noahclark,https://www.instagram.com/noahclark,https://www.twitter.com/noahclark,https://www.youtube.com/noahclarkchannel,https://www.tiktok.com/@noahclark
Charlie,Thompson,Charlie Thompson,Apex Automation,Head of AI,Customer Service,charlie.thompson@apexautomation.com,+1-698-768-5196,+1-697-437-8120,https://www.apexautomation.com,540 Main St,San Antonio,PA,USA,29176,https://www.linkedin.com/in/charliethompson,https://www.facebook.com/charliethompson,https://www.instagram.com/charliethompson,https://www.twitter.com/charliethompson,https://www.youtube.com/charliethompsonchannel,https://www.tiktok.com/@charliethompson
Grace,Williams,Grace Williams,Cognitive Automation Co.,VP of Innovation,Human Resources,grace.williams@cognitiveautomationco.com,+1-880-243-4547,+1-688-924-3060,https://www.cognitiveautomationco.com,376 Main St,Phoenix,PA,USA,71988,https://www.linkedin.com/in/gracewilliams,https://www.facebook.com/gracewilliams,https://www.instagram.com/gracewilliams,https://www.twitter.com/gracewilliams,https://www.youtube.com/gracewilliamschannel,https://www.tiktok.com/@gracewilliams
David,Martin,David Martin,Prodigy AI,VP of Innovation,Finance,david.martin@prodigyai.com,+1-482-927-3854,+1-423-492-5272,https://www.prodigyai.com,541 Main St,Phoenix,CA,USA,68166,https://www.linkedin.com/in/davidmartin,https://www.facebook.com/davidmartin,https://www.instagram.com/davidmartin,https://www.twitter.com/davidmartin,https://www.youtube.com/davidmartinchannel,https://www.tiktok.com/@davidmartin
Charlie,Miller,Charlie Miller,AI Solutions Inc.,Director of Operations,Human Resources,charlie.miller@aisolutionsinc.com,+1-493-577-2766,+1-776-726-1119,https://www.aisolutionsinc.com,610 Main St,New York,CA,USA,76113,https://www.linkedin.com/in/charliemiller,https://www.facebook.com/charliemiller,https://www.instagram.com/charliemiller,https://www.twitter.com/charliemiller,https://www.youtube.com/charliemillerchannel,https://www.tiktok.com/@charliemiller
Noah,Wilson,Noah Wilson,Digital Brains,CTO,Education,noah.wilson@digitalbrains.com,+1-275-869-8042,+1-447-222-8347,https://www.digitalbrains.com,569 Main St,Houston,TX,USA,12207,https://www.linkedin.com/in/noahwilson,https://www.facebook.com/noahwilson,https://www.instagram.com/noahwilson,https://www.twitter.com/noahwilson,https://www.youtube.com/noahwilsonchannel,https://www.tiktok.com/@noahwilson
Kevin,Brown,Kevin Brown,Apex Automation,CEO,Healthcare,kevin.brown@apexautomation.com,+1-556-725-1223,+1-845-378-8269,https://www.apexautomation.com,571 Main St,Dallas,IL,USA,45011,https://www.linkedin.com/in/kevinbrown,https://www.facebook.com/kevinbrown,https://www.instagram.com/kevinbrown,https://www.twitter.com/kevinbrown,https://www.youtube.com/kevinbrownchannel,https://www.tiktok.com/@kevinbrown
Alice,Martinez,Alice Martinez,Quantum Agents,CMO,Finance,alice.martinez@quantumagents.com,+1-787-330-5093,+1-522-517-4877,https://www.quantumagents.com,561 Main St,New York,IL,USA,49095,https://www.linkedin.com/in/alicemartinez,https://www.facebook.com/alicemartinez,https://www.instagram.com/alicemartinez,https://www.twitter.com/alicemartinez,https://www.youtube.com/alicemartinezchannel,https://www.tiktok.com/@alicemartinez
Heidi,Taylor,Heidi Taylor,Quantum Agents,Marketing Manager,Healthcare,heidi.taylor@quantumagents.com,+1-338-973-6408,+1-512-342-8936,https://www.quantumagents.com,938 Main St,New York,IL,USA,19722,https://www.linkedin.com/in/heiditaylor,https://www.facebook.com/heiditaylor,https://www.instagram.com/heiditaylor,https://www.twitter.com/heiditaylor,https://www.youtube.com/heiditaylorchannel,https://www.tiktok.com/@heiditaylor
Grace,Smith,Grace Smith,Digital Brains,CTO,Software Development,grace.smith@digitalbrains.com,+1-363-370-3900,+1-992-632-3229,https://www.digitalbrains.com,805 Main St,San Francisco,AZ,USA,31574,https://www.linkedin.com/in/gracesmith,https://www.facebook.com/gracesmith,https://www.instagram.com/gracesmith,https://www.twitter.com/gracesmith,https://www.youtube.com/gracesmithchannel,https://www.tiktok.com/@gracesmith
Kevin,Miller,Kevin Miller,RoboMind Corp.,CMO,Software Development,kevin.miller@robomindcorp.com,+1-371-739-8587,+1-964-943-6925,https://www.robomindcorp.com,105 Main St,Philadelphia,NY,USA,19720,https://www.linkedin.com/in/kevinmiller,https://www.facebook.com/kevinmiller,https://www.instagram.com/kevinmiller,https://www.twitter.com/kevinmiller,https://www.youtube.com/kevinmillerchannel,https://www.tiktok.com/@kevinmiller
Charlie,Garcia,Charlie Garcia,Prodigy AI,Product Manager,Finance,charlie.garcia@prodigyai.com,+1-721-927-1234,+1-557-408-6180,https://www.prodigyai.com,793 Main St,San Francisco,AZ,USA,39652,https://www.linkedin.com/in/charliegarcia,https://www.facebook.com/charliegarcia,https://www.instagram.com/charliegarcia,https://www.twitter.com/charliegarcia,https://www.youtube.com/charliegarciachannel,https://www.tiktok.com/@charliegarcia
Tina,Wilson,Tina Wilson,Quantum Agents,CEO,Software Development,tina.wilson@quantumagents.com,+1-327-561-3182,+1-643-427-6581,https://www.quantumagents.com,307 Main St,San Diego,AZ,USA,84409,https://www.linkedin.com/in/tinawilson,https://www.facebook.com/tinawilson,https://www.instagram.com/tinawilson,https://www.twitter.com/tinawilson,https://www.youtube.com/tinawilsonchannel,https://www.tiktok.com/@tinawilson
Sam,Moore,Sam Moore,Global Agentics,Software Engineer,Human Resources,sam.moore@globalagentics.com,+1-517-541-7190,+1-800-378-8196,https://www.globalagentics.com,993 Main St,Houston,TX,USA,98705,https://www.linkedin.com/in/sammoore,https://www.facebook.com/sammoore,https://www.instagram.com/sammoore,https://www.twitter.com/sammoore,https://www.youtube.com/sammoorechannel,https://www.tiktok.com/@sammoore
Ivan,Martin,Ivan Martin,Pioneer AI,Software Engineer,Human Resources,ivan.martin@pioneerai.com,+1-602-742-2931,+1-705-633-7736,https://www.pioneerai.com,316 Main St,New York,CA,USA,19703,https://www.linkedin.com/in/ivanmartin,https://www.facebook.com/ivanmartin,https://www.instagram.com/ivanmartin,https://www.twitter.com/ivanmartin,https://www.youtube.com/ivanmartinchannel,https://www.tiktok.com/@ivanmartin
Olivia,Jones,Olivia Jones,Agentic Innovations,CEO,Manufacturing,olivia.jones@agenticinnovations.com,+1-811-252-4900,+1-263-554-7901,https://www.agenticinnovations.com,614 Main St,Phoenix,AZ,USA,19022,https://www.linkedin.com/in/oliviajones,https://www.facebook.com/oliviajones,https://www.instagram.com/oliviajones,https://www.twitter.com/oliviajones,https://www.youtube.com/oliviajoneschannel,https://www.tiktok.com/@oliviajones
Liam,Williams,Liam Williams,Pioneer AI,Marketing Manager,Logistics,liam.williams@pioneerai.com,+1-661-428-6168,+1-374-685-2846,https://www.pioneerai.com,716 Main St,San Francisco,NY,USA,10122,https://www.linkedin.com/in/liamwilliams,https://www.facebook.com/liamwilliams,https://www.instagram.com/liamwilliams,https://www.twitter.com/liamwilliams,https://www.youtube.com/liamwilliamschannel,https://www.tiktok.com/@liamwilliams
Alice,Williams,Alice Williams,Intelligent Agents Ltd.,Software Engineer,Education,alice.williams@intelligentagentsltd.com,+1-768-514-7275,+1-207-284-2425,https://www.intelligentagentsltd.com,277 Main St,New York,NY,USA,64195,https://www.linkedin.com/in/alicewilliams,https://www.facebook.com/alicewilliams,https://www.instagram.com/alicewilliams,https://www.twitter.com/alicewilliams,https://www.youtube.com/alicewilliamschannel,https://www.tiktok.com/@alicewilliams
Liam,Williams,Liam Williams,SmartFlow AI,VP of Innovation,Customer Service,liam.williams@smartflowai.com,+1-820-263-3308,+1-683-339-2165,https://www.smartflowai.com,402 Main St,San Antonio,NY,USA,99321,https://www.linkedin.com/in/liamwilliams,https://www.facebook.com/liamwilliams,https://www.instagram.com/liamwilliams,https://www.twitter.com/liamwilliams,https://www.youtube.com/liamwilliamschannel,https://www.tiktok.com/@liamwilliams
Grace,Thomas,Grace Thomas,OptiMind Agents,Business Development Manager,Manufacturing,grace.thomas@optimindagents.com,+1-803-650-8634,+1-663-866-3418,https://www.optimindagents.com,987 Main St,Chicago,IL,USA,93038,https://www.linkedin.com/in/gracethomas,https://www.facebook.com/gracethomas,https://www.instagram.com/gracethomas,https://www.twitter.com/gracethomas,https://www.youtube.com/gracethomaschannel,https://www.tiktok.com/@gracethomas
Frank,Miller,Frank Miller,Elite AI Solutions,CMO,E-commerce,frank.miller@eliteaisolutions.com,+1-837-619-6590,+1-795-902-9816,https://www.eliteaisolutions.com,790 Main St,San Diego,AZ,USA,51161,https://www.linkedin.com/in/frankmiller,https://www.facebook.com/frankmiller,https://www.instagram.com/frankmiller,https://www.twitter.com/frankmiller,https://www.youtube.com/frankmillerchannel,https://www.tiktok.com/@frankmiller
Charlie,Wilson,Charlie Wilson,Cognitive Automation Co.,Marketing Manager,E-commerce,charlie.wilson@cognitiveautomationco.com,+1-332-297-1755,+1-457-233-5704,https://www.cognitiveautomationco.com,634 Main St,Chicago,AZ,USA,25834,https://www.linkedin.com/in/charliewilson,https://www.facebook.com/charliewilson,https://www.instagram.com/charliewilson,https://www.twitter.com/charliewilson,https://www.youtube.com/charliewilsonchannel,https://www.tiktok.com/@charliewilson
Bob,Martin,Bob Martin,Digital Brains,Business Development Manager,Finance,bob.martin@digitalbrains.com,+1-374-341-3021,+1-460-668-2220,https://www.digitalbrains.com,849 Main St,New York,AZ,USA,17180,https://www.linkedin.com/in/bobmartin,https://www.facebook.com/bobmartin,https://www.instagram.com/bobmartin,https://www.twitter.com/bobmartin,https://www.youtube.com/bobmartinchannel,https://www.tiktok.com/@bobmartin
Frank,Martinez,Frank Martinez,Apex Automation,Director of Operations,Logistics,frank.martinez@apexautomation.com,+1-728-770-4360,+1-715-975-3402,https://www.apexautomation.com,381 Main St,New York,CA,USA,25657,https://www.linkedin.com/in/frankmartinez,https://www.facebook.com/frankmartinez,https://www.instagram.com/frankmartinez,https://www.twitter.com/frankmartinez,https://www.youtube.com/frankmartinezchannel,https://www.tiktok.com/@frankmartinez
Quinn,Martin,Quinn Martin,Global Agentics,Director of Operations,Healthcare,quinn.martin@globalagentics.com,+1-838-631-1306,+1-388-948-3841,https://www.globalagentics.com,347 Main St,San Jose,CA,USA,22024,https://www.linkedin.com/in/quinnmartin,https://www.facebook.com/quinnmartin,https://www.instagram.com/quinnmartin,https://www.twitter.com/quinnmartin,https://www.youtube.com/quinnmartinchannel,https://www.tiktok.com/@quinnmartin
Grace,Martin,Grace Martin,Agentic Innovations,Business Development Manager,E-commerce,grace.martin@agenticinnovations.com,+1-558-720-5601,+1-513-833-3496,https://www.agenticinnovations.com,731 Main St,New York,TX,USA,14023,https://www.linkedin.com/in/gracemartin,https://www.facebook.com/gracemartin,https://www.instagram.com/gracemartin,https://www.twitter.com/gracemartin,https://www.youtube.com/gracemartinchannel,https://www.tiktok.com/@gracemartin
Olivia,Thompson,Olivia Thompson,Neural Nexus,Head of AI,Customer Service,olivia.thompson@neuralnexus.com,+1-725-541-1151,+1-713-654-6714,https://www.neuralnexus.com,298 Main St,San Antonio,PA,USA,79890,https://www.linkedin.com/in/oliviathompson,https://www.facebook.com/oliviathompson,https://www.instagram.com/oliviathompson,https://www.twitter.com/oliviathompson,https://www.youtube.com/oliviathompsonchannel,https://www.tiktok.com/@oliviathompson
Frank,Brown,Frank Brown,Synapse AI,Product Manager,Healthcare,frank.brown@synapseai.com,+1-682-318-6703,+1-268-942-6731,https://www.synapseai.com,991 Main St,San Diego,TX,USA,20819,https://www.linkedin.com/in/frankbrown,https://www.facebook.com/frankbrown,https://www.instagram.com/frankbrown,https://www.twitter.com/frankbrown,https://www.youtube.com/frankbrownchannel,https://www.tiktok.com/@frankbrown
David,Martinez,David Martinez,OptiMind Agents,Business Development Manager,Healthcare,david.martinez@optimindagents.com,+1-508-706-7258,+1-852-425-8366,https://www.optimindagents.com,152 Main St,San Diego,CA,USA,17381,https://www.linkedin.com/in/davidmartinez,https://www.facebook.com/davidmartinez,https://www.instagram.com/davidmartinez,https://www.twitter.com/davidmartinez,https://www.youtube.com/davidmartinezchannel,https://www.tiktok.com/@davidmartinez
Grace,Jones,Grace Jones,Future AI Systems,Director of Operations,Human Resources,grace.jones@futureaisystems.com,+1-501-907-7866,+1-344-522-9048,https://www.futureaisystems.com,804 Main St,San Diego,NY,USA,21005,https://www.linkedin.com/in/gracejones,https://www.facebook.com/gracejones,https://www.instagram.com/gracejones,https://www.twitter.com/gracejones,https://www.youtube.com/gracejoneschannel,https://www.tiktok.com/@gracejones
Alice,Jackson,Alice Jackson,Pioneer AI,Business Development Manager,Finance,alice.jackson@pioneerai.com,+1-595-656-3989,+1-918-452-1603,https://www.pioneerai.com,243 Main St,San Jose,CA,USA,27039,https://www.linkedin.com/in/alicejackson,https://www.facebook.com/alicejackson,https://www.instagram.com/alicejackson,https://www.twitter.com/alicejackson,https://www.youtube.com/alicejacksonchannel,https://www.tiktok.com/@alicejackson
Peter,Harris,Peter Harris,SmartFlow AI,CMO,Finance,peter.harris@smartflowai.com,+1-764-821-5801,+1-212-621-7493,https://www.smartflowai.com,136 Main St,San Antonio,PA,USA,91082,https://www.linkedin.com/in/peterharris,https://www.facebook.com/peterharris,https://www.instagram.com/peterharris,https://www.twitter.com/peterharris,https://www.youtube.com/peterharrischannel,https://www.tiktok.com/@peterharris
Tina,Smith,Tina Smith,Vanguard AI,VP of Innovation,Manufacturing,tina.smith@vanguardai.com,+1-880-820-5328,+1-509-320-5310,https://www.vanguardai.com,716 Main St,Chicago,IL,USA,54396,https://www.linkedin.com/in/tinasmith,https://www.facebook.com/tinasmith,https://www.instagram.com/tinasmith,https://www.twitter.com/tinasmith,https://www.youtube.com/tinasmithchannel,https://www.tiktok.com/@tinasmith
Grace,Smith,Grace Smith,OptiMind Agents,Head of AI,Logistics,grace.smith@optimindagents.com,+1-827-627-5694,+1-260-908-7426,https://www.optimindagents.com,119 Main St,Chicago,TX,USA,44275,https://www.linkedin.com/in/gracesmith,https://www.facebook.com/gracesmith,https://www.instagram.com/gracesmith,https://www.twitter.com/gracesmith,https://www.youtube.com/gracesmithchannel,https://www.tiktok.com/@gracesmith
Noah,Taylor,Noah Taylor,Cognitive Automation Co.,CTO,Healthcare,noah.taylor@cognitiveautomationco.com,+1-444-922-9098,+1-374-989-9703,https://www.cognitiveautomationco.com,484 Main St,San Antonio,AZ,USA,51985,https://www.linkedin.com/in/noahtaylor,https://www.facebook.com/noahtaylor,https://www.instagram.com/noahtaylor,https://www.twitter.com/noahtaylor,https://www.youtube.com/noahtaylorchannel,https://www.tiktok.com/@noahtaylor
Ivan,Harris,Ivan Harris,Synapse AI,VP of Innovation,Human Resources,ivan.harris@synapseai.com,+1-773-439-2522,+1-889-768-4620,https://www.synapseai.com,765 Main St,New York,PA,USA,24739,https://www.linkedin.com/in/ivanharris,https://www.facebook.com/ivanharris,https://www.instagram.com/ivanharris,https://www.twitter.com/ivanharris,https://www.youtube.com/ivanharrischannel,https://www.tiktok.com/@ivanharris
Ivan,Thompson,Ivan Thompson,Digital Brains,Marketing Manager,Manufacturing,ivan.thompson@digitalbrains.com,+1-848-944-4744,+1-599-942-5410,https://www.digitalbrains.com,965 Main St,New York,NY,USA,72812,https://www.linkedin.com/in/ivanthompson,https://www.facebook.com/ivanthompson,https://www.instagram.com/ivanthompson,https://www.twitter.com/ivanthompson,https://www.youtube.com/ivanthompsonchannel,https://www.tiktok.com/@ivanthompson
Grace,Garcia,Grace Garcia,Automata Labs,CTO,Human Resources,grace.garcia@automatalabs.com,+1-580-507-9737,+1-788-533-7327,https://www.automatalabs.com,548 Main St,Dallas,NY,USA,67969,https://www.linkedin.com/in/gracegarcia,https://www.facebook.com/gracegarcia,https://www.instagram.com/gracegarcia,https://www.twitter.com/gracegarcia,https://www.youtube.com/gracegarciachannel,https://www.tiktok.com/@gracegarcia
Grace,Moore,Grace Moore,Intelligent Agents Ltd.,CEO,Education,grace.moore@intelligentagentsltd.com,+1-571-793-9485,+1-889-822-5815,https://www.intelligentagentsltd.com,517 Main St,San Antonio,CA,USA,87527,https://www.linkedin.com/in/gracemoore,https://www.facebook.com/gracemoore,https://www.instagram.com/gracemoore,https://www.twitter.com/gracemoore,https://www.youtube.com/gracemoorechannel,https://www.tiktok.com/@gracemoore
Mia,Taylor,Mia Taylor,Agentic Innovations,Software Engineer,Healthcare,mia.taylor@agenticinnovations.com,+1-635-902-3597,+1-376-687-5284,https://www.agenticinnovations.com,658 Main St,San Antonio,PA,USA,98077,https://www.linkedin.com/in/miataylor,https://www.facebook.com/miataylor,https://www.instagram.com/miataylor,https://www.twitter.com/miataylor,https://www.youtube.com/miataylorchannel,https://www.tiktok.com/@miataylor
Eve,Wilson,Eve Wilson,Quantum Agents,CMO,Human Resources,eve.wilson@quantumagents.com,+1-629-922-9376,+1-333-688-3592,https://www.quantumagents.com,361 Main St,Phoenix,PA,USA,34248,https://www.linkedin.com/in/evewilson,https://www.facebook.com/evewilson,https://www.instagram.com/evewilson,https://www.twitter.com/evewilson,https://www.youtube.com/evewilsonchannel,https://www.tiktok.com/@evewilson
Alice,Jackson,Alice Jackson,Elite AI Solutions,Business Development Manager,E-commerce,alice.jackson@eliteaisolutions.com,+1-725-608-8271,+1-580-406-3452,https://www.eliteaisolutions.com,699 Main St,Houston,IL,USA,92760,https://www.linkedin.com/in/alicejackson,https://www.facebook.com/alicejackson,https://www.instagram.com/alicejackson,https://www.twitter.com/alicejackson,https://www.youtube.com/alicejacksonchannel,https://www.tiktok.com/@alicejackson
Eve,Taylor,Eve Taylor,Synergy AI,Product Manager,Education,eve.taylor@synergyai.com,+1-877-421-1259,+1-692-665-3556,https://www.synergyai.com,754 Main St,San Diego,TX,USA,56414,https://www.linkedin.com/in/evetaylor,https://www.facebook.com/evetaylor,https://www.instagram.com/evetaylor,https://www.twitter.com/evetaylor,https://www.youtube.com/evetaylorchannel,https://www.tiktok.com/@evetaylor
Quinn,Wilson,Quinn Wilson,Agentic Innovations,Product Manager,Customer Service,quinn.wilson@agenticinnovations.com,+1-399-952-3656,+1-340-449-8799,https://www.agenticinnovations.com,916 Main St,Chicago,AZ,USA,46586,https://www.linkedin.com/in/quinnwilson,https://www.facebook.com/quinnwilson,https://www.instagram.com/quinnwilson,https://www.twitter.com/quinnwilson,https://www.youtube.com/quinnwilsonchannel,https://www.tiktok.com/@quinnwilson
Frank,Thompson,Frank Thompson,Prodigy AI,Marketing Manager,Software Development,frank.thompson@prodigyai.com,+1-830-222-8938,+1-563-309-7941,https://www.prodigyai.com,491 Main St,Phoenix,TX,USA,57411,https://www.linkedin.com/in/frankthompson,https://www.facebook.com/frankthompson,https://www.instagram.com/frankthompson,https://www.twitter.com/frankthompson,https://www.youtube.com/frankthompsonchannel,https://www.tiktok.com/@frankthompson
Grace,White,Grace White,AI Solutions Inc.,Software Engineer,Education,grace.white@aisolutionsinc.com,+1-247-468-7451,+1-600-927-5142,https://www.aisolutionsinc.com,697 Main St,Chicago,TX,USA,76176,https://www.linkedin.com/in/gracewhite,https://www.facebook.com/gracewhite,https://www.instagram.com/gracewhite,https://www.twitter.com/gracewhite,https://www.youtube.com/gracewhitechannel,https://www.tiktok.com/@gracewhite
Peter,Robinson,Peter Robinson,SmartFlow AI,Head of AI,Manufacturing,peter.robinson@smartflowai.com,+1-669-791-8449,+1-343-755-5424,https://www.smartflowai.com,251 Main St,Houston,IL,USA,15602,https://www.linkedin.com/in/peterrobinson,https://www.facebook.com/peterrobinson,https://www.instagram.com/peterrobinson,https://www.twitter.com/peterrobinson,https://www.youtube.com/peterrobinsonchannel,https://www.tiktok.com/@peterrobinson
Noah,Jackson,Noah Jackson,Synapse AI,Director of Operations,Human Resources,noah.jackson@synapseai.com,+1-790-655-9741,+1-752-433-8026,https://www.synapseai.com,134 Main St,San Jose,CA,USA,60856,https://www.linkedin.com/in/noahjackson,https://www.facebook.com/noahjackson,https://www.instagram.com/noahjackson,https://www.twitter.com/noahjackson,https://www.youtube.com/noahjacksonchannel,https://www.tiktok.com/@noahjackson
Heidi,Harris,Heidi Harris,Synapse AI,CMO,Manufacturing,heidi.harris@synapseai.com,+1-606-614-9557,+1-932-929-3850,https://www.synapseai.com,741 Main St,New York,IL,USA,15606,https://www.linkedin.com/in/heidiharris,https://www.facebook.com/heidiharris,https://www.instagram.com/heidiharris,https://www.twitter.com/heidiharris,https://www.youtube.com/heidiharrischannel,https://www.tiktok.com/@heidiharris
Heidi,Martinez,Heidi Martinez,Global Agentics,Head of AI,E-commerce,heidi.martinez@globalagentics.com,+1-586-512-5935,+1-992-659-4977,https://www.globalagentics.com,520 Main St,Houston,CA,USA,14197,https://www.linkedin.com/in/heidimartinez,https://www.facebook.com/heidimartinez,https://www.instagram.com/heidimartinez,https://www.twitter.com/heidimartinez,https://www.youtube.com/heidimartinezchannel,https://www.tiktok.com/@heidimartinez
